query_id,relevant_count,naive_ndcg_at_10,naive_recall_at_10,naive_mrr_at_10,late_ndcg_at_10,late_recall_at_10,late_mrr_at_10,whole_document_ndcg_at_10,whole_document_recall_at_10,whole_document_mrr_at_10,late_minus_naive_ndcg_at_10
1,1,0.000000000000,0.000000000000,0.000000000000,0.000000000000,0.000000000000,0.000000000000,0.000000000000,0.000000000000,0.000000000000,0.000000000000
3,1,0.356207187108,1.000000000000,0.166666666667,0.301029995664,1.000000000000,0.111111111111,0.315464876786,1.000000000000,0.125000000000,-0.055177191444
5,1,1.000000000000,1.000000000000,1.000000000000,1.000000000000,1.000000000000,1.000000000000,1.000000000000,1.000000000000,1.000000000000,0.000000000000
13,1,0.000000000000,0.000000000000,0.000000000000,0.000000000000,0.000000000000,0.000000000000,0.000000000000,0.000000000000,0.000000000000,0.000000000000
36,2,0.605260244053,1.000000000000,0.500000000000,0.524981033201,1.000000000000,0.333333333333,0.605260244053,1.000000000000,0.500000000000,-0.080279210852
42,1,1.000000000000,1.000000000000,1.000000000000,1.000000000000,1.000000000000,1.000000000000,1.000000000000,1.000000000000,1.000000000000,0.000000000000
48,1,1.000000000000,1.000000000000,1.000000000000,0.630929753571,1.000000000000,0.500000000000,0.430676558073,1.000000000000,0.250000000000,-0.369070246429
49,1,1.000000000000,1.000000000000,1.000000000000,1.000000000000,1.000000000000,1.000000000000,1.000000000000,1.000000000000,1.000000000000,0.000000000000
50,1,1.000000000000,1.000000000000,1.000000000000,1.000000000000,1.000000000000,1.000000000000,1.000000000000,1.000000000000,1.000000000000,0.000000000000
51,1,1.000000000000,1.000000000000,1.000000000000,1.000000000000,1.000000000000,1.000000000000,1.000000000000,1.000000000000,1.000000000000,0.000000000000
53,1,1.000000000000,1.000000000000,1.000000000000,1.000000000000,1.000000000000,1.000000000000,1.000000000000,1.000000000000,1.000000000000,0.000000000000
54,1,1.000000000000,1.000000000000,1.000000000000,1.000000000000,1.000000000000,1.000000000000,1.000000000000,1.000000000000,1.000000000000,0.000000000000
56,1,1.000000000000,1.000000000000,1.000000000000,1.000000000000,1.000000000000,1.000000000000,1.000000000000,1.000000000000,1.000000000000,0.000000000000
57,1,1.000000000000,1.000000000000,1.000000000000,1.000000000000,1.000000000000,1.000000000000,1.000000000000,1.000000000000,1.000000000000,0.000000000000
70,2,0.000000000000,0.000000000000,0.000000000000,0.000000000000,0.000000000000,0.000000000000,0.000000000000,0.000000000000,0.000000000000,0.000000000000
72,1,0.000000000000,0.000000000000,0.000000000000,0.000000000000,0.000000000000,0.000000000000,0.000000000000,0.000000000000,0.000000000000,0.000000000000
75,1,1.000000000000,1.000000000000,1.000000000000,1.000000000000,1.000000000000,1.000000000000,1.000000000000,1.000000000000,1.000000000000,0.000000000000
94,1,0.000000000000,0.000000000000,0.000000000000,0.000000000000,0.000000000000,0.000000000000,0.000000000000,0.000000000000,0.000000000000,0.000000000000
99,1,0.000000000000,0.000000000000,0.000000000000,0.000000000000,0.000000000000,0.000000000000,0.000000000000,0.000000000000,0.000000000000,0.000000000000
100,1,1.000000000000,1.000000000000,1.000000000000,1.000000000000,1.000000000000,1.000000000000,1.000000000000,1.000000000000,1.000000000000,0.000000000000
113,1,1.000000000000,1.000000000000,1.000000000000,1.000000000000,1.000000000000,1.000000000000,1.000000000000,1.000000000000,1.000000000000,0.000000000000
115,1,1.000000000000,1.000000000000,1.000000000000,1.000000000000,1.000000000000,1.000000000000,1.000000000000,1.000000000000,1.000000000000,0.000000000000
118,1,1.000000000000,1.000000000000,1.000000000000,1.000000000000,1.000000000000,1.000000000000,1.000000000000,1.000000000000,1.000000000000,0.000000000000
124,1,1.000000000000,1.000000000000,1.000000000000,1.000000000000,1.000000000000,1.000000000000,1.000000000000,1.000000000000,1.000000000000,0.000000000000
127,1,1.000000000000,1.000000000000,1.000000000000,0.301029995664,1.000000000000,0.111111111111,0.000000000000,0.000000000000,0.000000000000,-0.698970004336
128,1,0.000000000000,0.000000000000,0.000000000000,0.000000000000,0.000000000000,0.000000000000,0.000000000000,0.000000000000,0.000000000000,0.000000000000
129,1,1.000000000000,1.000000000000,1.000000000000,1.000000000000,1.000000000000,1.000000000000,1.000000000000,1.000000000000,1.000000000000,0.000000000000
130,1,1.000000000000,1.000000000000,1.000000000000,1.000000000000,1.000000000000,1.000000000000,1.000000000000,1.000000000000,1.000000000000,0.000000000000
132,1,0.000000000000,0.000000000000,0.000000000000,0.000000000000,0.000000000000,0.000000000000,0.000000000000,0.000000000000,0.000000000000,0.000000000000
133,5,0.884053021097,1.000000000000,1.000000000000,0.888111130388,1.000000000000,1.000000000000,0.893006867633,1.000000000000,1.000000000000,0.004058109292
137,1,1.000000000000,1.000000000000,1.000000000000,1.000000000000,1.000000000000,1.000000000000,1.000000000000,1.000000000000,1.000000000000,0.000000000000
141,2,0.850344905535,1.000000000000,1.000000000000,0.919720789148,1.000000000000,1.000000000000,0.919720789148,1.000000000000,1.000000000000,0.069375883613
142,1,1.000000000000,1.000000000000,1.000000000000,1.000000000000,1.000000000000,1.000000000000,1.000000000000,1.000000000000,1.000000000000,0.000000000000
143,1,1.000000000000,1.000000000000,1.000000000000,1.000000000000,1.000000000000,1.000000000000,1.000000000000,1.000000000000,1.000000000000,0.000000000000
146,1,1.000000000000,1.000000000000,1.000000000000,1.000000000000,1.000000000000,1.000000000000,1.000000000000,1.000000000000,1.000000000000,0.000000000000
148,1,1.000000000000,1.000000000000,1.000000000000,1.000000000000,1.000000000000,1.000000000000,1.000000000000,1.000000000000,1.000000000000,0.000000000000
163,1,0.630929753571,1.000000000000,0.500000000000,0.630929753571,1.000000000000,0.500000000000,0.630929753571,1.000000000000,0.500000000000,0.000000000000
171,1,1.000000000000,1.000000000000,1.000000000000,1.000000000000,1.000000000000,1.000000000000,1.000000000000,1.000000000000,1.000000000000,0.000000000000
179,4,0.905218161717,1.000000000000,1.000000000000,0.934936658335,1.000000000000,1.000000000000,0.961999147060,1.000000000000,1.000000000000,0.029718496618
180,1,1.000000000000,1.000000000000,1.000000000000,1.000000000000,1.000000000000,1.000000000000,1.000000000000,1.000000000000,1.000000000000,0.000000000000
183,1,0.500000000000,1.000000000000,0.333333333333,0.500000000000,1.000000000000,0.333333333333,0.500000000000,1.000000000000,0.333333333333,0.000000000000
185,1,0.333333333333,1.000000000000,0.142857142857,0.289064826318,1.000000000000,0.100000000000,0.301029995664,1.000000000000,0.111111111111,-0.044268507015
198,1,0.000000000000,0.000000000000,0.000000000000,0.000000000000,0.000000000000,0.000000000000,0.000000000000,0.000000000000,0.000000000000,0.000000000000
208,1,1.000000000000,1.000000000000,1.000000000000,1.000000000000,1.000000000000,1.000000000000,1.000000000000,1.000000000000,1.000000000000,0.000000000000
212,1,0.430676558073,1.000000000000,0.250000000000,0.430676558073,1.000000000000,0.250000000000,0.430676558073,1.000000000000,0.250000000000,0.000000000000
213,1,0.386852807235,1.000000000000,0.200000000000,0.386852807235,1.000000000000,0.200000000000,0.430676558073,1.000000000000,0.250000000000,0.000000000000
216,1,1.000000000000,1.000000000000,1.000000000000,1.000000000000,1.000000000000,1.000000000000,1.000000000000,1.000000000000,1.000000000000,0.000000000000
217,1,1.000000000000,1.000000000000,1.000000000000,1.000000000000,1.000000000000,1.000000000000,1.000000000000,1.000000000000,1.000000000000,0.000000000000
218,1,1.000000000000,1.000000000000,1.000000000000,1.000000000000,1.000000000000,1.000000000000,1.000000000000,1.000000000000,1.000000000000,0.000000000000
219,1,1.000000000000,1.000000000000,1.000000000000,1.000000000000,1.000000000000,1.000000000000,1.000000000000,1.000000000000,1.000000000000,0.000000000000
230,1,0.333333333333,1.000000000000,0.142857142857,1.000000000000,1.000000000000,1.000000000000,1.000000000000,1.000000000000,1.000000000000,0.666666666667
232,1,1.000000000000,1.000000000000,1.000000000000,1.000000000000,1.000000000000,1.000000000000,1.000000000000,1.000000000000,1.000000000000,0.000000000000
233,1,1.000000000000,1.000000000000,1.000000000000,1.000000000000,1.000000000000,1.000000000000,1.000000000000,1.000000000000,1.000000000000,0.000000000000
236,1,1.000000000000,1.000000000000,1.000000000000,1.000000000000,1.000000000000,1.000000000000,1.000000000000,1.000000000000,1.000000000000,0.000000000000
237,1,1.000000000000,1.000000000000,1.000000000000,1.000000000000,1.000000000000,1.000000000000,1.000000000000,1.000000000000,1.000000000000,0.000000000000
238,1,0.430676558073,1.000000000000,0.250000000000,0.500000000000,1.000000000000,0.333333333333,0.500000000000,1.000000000000,0.333333333333,0.069323441927
239,1,0.289064826318,1.000000000000,0.100000000000,0.000000000000,0.000000000000,0.000000000000,0.000000000000,0.000000000000,0.000000000000,-0.289064826318
248,1,1.000000000000,1.000000000000,1.000000000000,1.000000000000,1.000000000000,1.000000000000,1.000000000000,1.000000000000,1.000000000000,0.000000000000
249,1,1.000000000000,1.000000000000,1.000000000000,1.000000000000,1.000000000000,1.000000000000,1.000000000000,1.000000000000,1.000000000000,0.000000000000
261,2,0.237197712769,0.500000000000,0.200000000000,0.441580110358,1.000000000000,0.200000000000,0.430624116387,1.000000000000,0.200000000000,0.204382397588
268,1,0.000000000000,0.000000000000,0.000000000000,0.356207187108,1.000000000000,0.166666666667,0.386852807235,1.000000000000,0.200000000000,0.356207187108
269,1,0.289064826318,1.000000000000,0.100000000000,0.289064826318,1.000000000000,0.100000000000,0.333333333333,1.000000000000,0.142857142857,0.000000000000
274,1,1.000000000000,1.000000000000,1.000000000000,1.000000000000,1.000000000000,1.000000000000,1.000000000000,1.000000000000,1.000000000000,0.000000000000
275,3,0.636439180989,0.666666666667,1.000000000000,0.671386072523,0.666666666667,1.000000000000,0.703918089034,0.666666666667,1.000000000000,0.034946891534
279,1,1.000000000000,1.000000000000,1.000000000000,1.000000000000,1.000000000000,1.000000000000,1.000000000000,1.000000000000,1.000000000000,0.000000000000
294,1,0.630929753571,1.000000000000,0.500000000000,0.500000000000,1.000000000000,0.333333333333,0.630929753571,1.000000000000,0.500000000000,-0.130929753571
295,1,0.430676558073,1.000000000000,0.250000000000,0.430676558073,1.000000000000,0.250000000000,0.386852807235,1.000000000000,0.200000000000,0.000000000000
298,1,0.630929753571,1.000000000000,0.500000000000,1.000000000000,1.000000000000,1.000000000000,1.000000000000,1.000000000000,1.000000000000,0.369070246429
300,1,0.000000000000,0.000000000000,0.000000000000,0.000000000000,0.000000000000,0.000000000000,0.000000000000,0.000000000000,0.000000000000,0.000000000000
303,1,0.000000000000,0.000000000000,0.000000000000,0.000000000000,0.000000000000,0.000000000000,0.000000000000,0.000000000000,0.000000000000,0.000000000000
312,1,0.000000000000,0.000000000000,0.000000000000,0.000000000000,0.000000000000,0.000000000000,0.000000000000,0.000000000000,0.000000000000,0.000000000000
314,1,0.500000000000,1.000000000000,0.333333333333,0.289064826318,1.000000000000,0.100000000000,0.333333333333,1.000000000000,0.142857142857,-0.210935173682
324,1,0.000000000000,0.000000000000,0.000000000000,0.000000000000,0.000000000000,0.000000000000,0.000000000000,0.000000000000,0.000000000000,0.000000000000
327,1,1.000000000000,1.000000000000,1.000000000000,1.000000000000,1.000000000000,1.000000000000,1.000000000000,1.000000000000,1.000000000000,0.000000000000
338,1,1.000000000000,1.000000000000,1.000000000000,1.000000000000,1.000000000000,1.000000000000,1.000000000000,1.000000000000,1.000000000000,0.000000000000
343,2,0.591235204823,1.000000000000,0.500000000000,0.817529590354,1.000000000000,1.000000000000,0.806573596383,1.000000000000,1.000000000000,0.226294385531
350,1,1.000000000000,1.000000000000,1.000000000000,1.000000000000,1.000000000000,1.000000000000,1.000000000000,1.000000000000,1.000000000000,0.000000000000
354,1,1.000000000000,1.000000000000,1.000000000000,1.000000000000,1.000000000000,1.000000000000,1.000000000000,1.000000000000,1.000000000000,0.000000000000
362,1,1.000000000000,1.000000000000,1.000000000000,1.000000000000,1.000000000000,1.000000000000,1.000000000000,1.000000000000,1.000000000000,0.000000000000
380,1,0.386852807235,1.000000000000,0.200000000000,0.630929753571,1.000000000000,0.500000000000,0.630929753571,1.000000000000,0.500000000000,0.244076946337
384,1,0.000000000000,0.000000000000,0.000000000000,0.000000000000,0.000000000000,0.000000000000,0.386852807235,1.000000000000,0.200000000000,0.000000000000
385,2,0.693426403617,1.000000000000,0.500000000000,0.693426403617,1.000000000000,0.500000000000,0.693426403617,1.000000000000,0.500000000000,0.000000000000
386,1,1.000000000000,1.000000000000,1.000000000000,1.000000000000,1.000000000000,1.000000000000,1.000000000000,1.000000000000,1.000000000000,0.000000000000
388,1,0.289064826318,1.000000000000,0.100000000000,0.500000000000,1.000000000000,0.333333333333,0.430676558073,1.000000000000,0.250000000000,0.210935173682
399,1,1.000000000000,1.000000000000,1.000000000000,1.000000000000,1.000000000000,1.000000000000,1.000000000000,1.000000000000,1.000000000000,0.000000000000
410,1,1.000000000000,1.000000000000,1.000000000000,1.000000000000,1.000000000000,1.000000000000,1.000000000000,1.000000000000,1.000000000000,0.000000000000
411,1,1.000000000000,1.000000000000,1.000000000000,1.000000000000,1.000000000000,1.000000000000,1.000000000000,1.000000000000,1.000000000000,0.000000000000
415,1,0.500000000000,1.000000000000,0.333333333333,0.356207187108,1.000000000000,0.166666666667,0.356207187108,1.000000000000,0.166666666667,-0.143792812892
421,1,0.000000000000,0.000000000000,0.000000000000,0.000000000000,0.000000000000,0.000000000000,0.000000000000,0.000000000000,0.000000000000,0.000000000000
431,1,0.000000000000,0.000000000000,0.000000000000,0.000000000000,0.000000000000,0.000000000000,0.000000000000,0.000000000000,0.000000000000,0.000000000000
436,1,1.000000000000,1.000000000000,1.000000000000,1.000000000000,1.000000000000,1.000000000000,1.000000000000,1.000000000000,1.000000000000,0.000000000000
437,1,0.000000000000,0.000000000000,0.000000000000,0.000000000000,0.000000000000,0.000000000000,0.000000000000,0.000000000000,0.000000000000,0.000000000000
439,1,1.000000000000,1.000000000000,1.000000000000,1.000000000000,1.000000000000,1.000000000000,1.000000000000,1.000000000000,1.000000000000,0.000000000000
440,1,1.000000000000,1.000000000000,1.000000000000,1.000000000000,1.000000000000,1.000000000000,1.000000000000,1.000000000000,1.000000000000,0.000000000000
443,1,1.000000000000,1.000000000000,1.000000000000,1.000000000000,1.000000000000,1.000000000000,1.000000000000,1.000000000000,1.000000000000,0.000000000000
452,2,0.000000000000,0.000000000000,0.000000000000,0.000000000000,0.000000000000,0.000000000000,0.000000000000,0.000000000000,0.000000000000,0.000000000000
475,1,0.333333333333,1.000000000000,0.142857142857,0.356207187108,1.000000000000,0.166666666667,0.356207187108,1.000000000000,0.166666666667,0.022873853775
478,1,1.000000000000,1.000000000000,1.000000000000,1.000000000000,1.000000000000,1.000000000000,1.000000000000,1.000000000000,1.000000000000,0.000000000000
491,1,1.000000000000,1.000000000000,1.000000000000,1.000000000000,1.000000000000,1.000000000000,1.000000000000,1.000000000000,1.000000000000,0.000000000000
501,1,1.000000000000,1.000000000000,1.000000000000,1.000000000000,1.000000000000,1.000000000000,1.000000000000,1.000000000000,1.000000000000,0.000000000000
502,1,0.000000000000,0.000000000000,0.000000000000,0.000000000000,0.000000000000,0.000000000000,0.000000000000,0.000000000000,0.000000000000,0.000000000000
507,1,0.630929753571,1.000000000000,0.500000000000,0.630929753571,1.000000000000,0.500000000000,0.630929753571,1.000000000000,0.500000000000,0.000000000000
508,1,0.000000000000,0.000000000000,0.000000000000,0.000000000000,0.000000000000,0.000000000000,0.000000000000,0.000000000000,0.000000000000,0.000000000000
513,1,0.630929753571,1.000000000000,0.500000000000,0.630929753571,1.000000000000,0.500000000000,0.630929753571,1.000000000000,0.500000000000,0.000000000000
514,1,1.000000000000,1.000000000000,1.000000000000,1.000000000000,1.000000000000,1.000000000000,1.000000000000,1.000000000000,1.000000000000,0.000000000000
516,1,1.000000000000,1.000000000000,1.000000000000,1.000000000000,1.000000000000,1.000000000000,1.000000000000,1.000000000000,1.000000000000,0.000000000000
517,1,0.000000000000,0.000000000000,0.000000000000,0.000000000000,0.000000000000,0.000000000000,0.000000000000,0.000000000000,0.000000000000,0.000000000000
521,1,1.000000000000,1.000000000000,1.000000000000,1.000000000000,1.000000000000,1.000000000000,1.000000000000,1.000000000000,1.000000000000,0.000000000000
525,1,1.000000000000,1.000000000000,1.000000000000,1.000000000000,1.000000000000,1.000000000000,1.000000000000,1.000000000000,1.000000000000,0.000000000000
527,1,0.000000000000,0.000000000000,0.000000000000,0.000000000000,0.000000000000,0.000000000000,0.000000000000,0.000000000000,0.000000000000,0.000000000000
528,1,1.000000000000,1.000000000000,1.000000000000,1.000000000000,1.000000000000,1.000000000000,1.000000000000,1.000000000000,1.000000000000,0.000000000000
532,1,1.000000000000,1.000000000000,1.000000000000,1.000000000000,1.000000000000,1.000000000000,1.000000000000,1.000000000000,1.000000000000,0.000000000000
533,1,1.000000000000,1.000000000000,1.000000000000,1.000000000000,1.000000000000,1.000000000000,1.000000000000,1.000000000000,1.000000000000,0.000000000000
535,1,1.000000000000,1.000000000000,1.000000000000,1.000000000000,1.000000000000,1.000000000000,0.356207187108,1.000000000000,0.166666666667,0.000000000000
536,1,1.000000000000,1.000000000000,1.000000000000,1.000000000000,1.000000000000,1.000000000000,1.000000000000,1.000000000000,1.000000000000,0.000000000000
539,1,1.000000000000,1.000000000000,1.000000000000,1.000000000000,1.000000000000,1.000000000000,1.000000000000,1.000000000000,1.000000000000,0.000000000000
540,2,0.613147192765,0.500000000000,1.000000000000,0.613147192765,0.500000000000,1.000000000000,0.613147192765,0.500000000000,1.000000000000,0.000000000000
544,1,0.630929753571,1.000000000000,0.500000000000,0.630929753571,1.000000000000,0.500000000000,1.000000000000,1.000000000000,1.000000000000,0.000000000000
549,1,0.500000000000,1.000000000000,0.333333333333,1.000000000000,1.000000000000,1.000000000000,1.000000000000,1.000000000000,1.000000000000,0.500000000000
551,1,0.000000000000,0.000000000000,0.000000000000,0.000000000000,0.000000000000,0.000000000000,0.000000000000,0.000000000000,0.000000000000,0.000000000000
552,1,1.000000000000,1.000000000000,1.000000000000,1.000000000000,1.000000000000,1.000000000000,1.000000000000,1.000000000000,1.000000000000,0.000000000000
554,1,0.333333333333,1.000000000000,0.142857142857,0.430676558073,1.000000000000,0.250000000000,0.356207187108,1.000000000000,0.166666666667,0.097343224740
560,1,0.000000000000,0.000000000000,0.000000000000,0.000000000000,0.000000000000,0.000000000000,0.000000000000,0.000000000000,0.000000000000,0.000000000000
569,1,1.000000000000,1.000000000000,1.000000000000,1.000000000000,1.000000000000,1.000000000000,1.000000000000,1.000000000000,1.000000000000,0.000000000000
575,1,0.000000000000,0.000000000000,0.000000000000,0.333333333333,1.000000000000,0.142857142857,0.356207187108,1.000000000000,0.166666666667,0.333333333333
577,1,0.430676558073,1.000000000000,0.250000000000,0.630929753571,1.000000000000,0.500000000000,0.630929753571,1.000000000000,0.500000000000,0.200253195498
578,1,0.630929753571,1.000000000000,0.500000000000,0.630929753571,1.000000000000,0.500000000000,0.630929753571,1.000000000000,0.500000000000,0.000000000000
587,1,0.000000000000,0.000000000000,0.000000000000,0.000000000000,0.000000000000,0.000000000000,0.000000000000,0.000000000000,0.000000000000,0.000000000000
589,1,1.000000000000,1.000000000000,1.000000000000,1.000000000000,1.000000000000,1.000000000000,1.000000000000,1.000000000000,1.000000000000,0.000000000000
593,1,1.000000000000,1.000000000000,1.000000000000,1.000000000000,1.000000000000,1.000000000000,1.000000000000,1.000000000000,1.000000000000,0.000000000000
597,3,0.593172951520,1.000000000000,0.333333333333,0.967467983489,1.000000000000,1.000000000000,0.967467983489,1.000000000000,1.000000000000,0.374295031970
598,1,0.315464876786,1.000000000000,0.125000000000,0.301029995664,1.000000000000,0.111111111111,0.289064826318,1.000000000000,0.100000000000,-0.014434881122
613,1,1.000000000000,1.000000000000,1.000000000000,1.000000000000,1.000000000000,1.000000000000,1.000000000000,1.000000000000,1.000000000000,0.000000000000
619,2,0.000000000000,0.000000000000,0.000000000000,0.000000000000,0.000000000000,0.000000000000,0.000000000000,0.000000000000,0.000000000000,0.000000000000
623,1,0.630929753571,1.000000000000,0.500000000000,0.500000000000,1.000000000000,0.333333333333,0.430676558073,1.000000000000,0.250000000000,-0.130929753571
628,1,1.000000000000,1.000000000000,1.000000000000,1.000000000000,1.000000000000,1.000000000000,1.000000000000,1.000000000000,1.000000000000,0.000000000000
636,1,1.000000000000,1.000000000000,1.000000000000,1.000000000000,1.000000000000,1.000000000000,1.000000000000,1.000000000000,1.000000000000,0.000000000000
637,1,0.500000000000,1.000000000000,0.333333333333,0.630929753571,1.000000000000,0.500000000000,0.630929753571,1.000000000000,0.500000000000,0.130929753571
641,2,0.831554629584,1.000000000000,1.000000000000,0.877215315338,1.000000000000,1.000000000000,0.877215315338,1.000000000000,1.000000000000,0.045660685754
644,1,0.500000000000,1.000000000000,0.333333333333,1.000000000000,1.000000000000,1.000000000000,1.000000000000,1.000000000000,1.000000000000,0.500000000000
649,1,1.000000000000,1.000000000000,1.000000000000,1.000000000000,1.000000000000,1.000000000000,0.630929753571,1.000000000000,0.500000000000,0.000000000000
659,1,0.000000000000,0.000000000000,0.000000000000,0.000000000000,0.000000000000,0.000000000000,0.000000000000,0.000000000000,0.000000000000,0.000000000000
660,1,0.000000000000,0.000000000000,0.000000000000,0.000000000000,0.000000000000,0.000000000000,0.000000000000,0.000000000000,0.000000000000,0.000000000000
674,1,0.386852807235,1.000000000000,0.200000000000,0.630929753571,1.000000000000,0.500000000000,0.630929753571,1.000000000000,0.500000000000,0.244076946337
684,1,0.430676558073,1.000000000000,0.250000000000,0.430676558073,1.000000000000,0.250000000000,0.430676558073,1.000000000000,0.250000000000,0.000000000000
690,1,0.000000000000,0.000000000000,0.000000000000,0.000000000000,0.000000000000,0.000000000000,0.000000000000,0.000000000000,0.000000000000,0.000000000000
691,1,0.000000000000,0.000000000000,0.000000000000,0.000000000000,0.000000000000,0.000000000000,0.000000000000,0.000000000000,0.000000000000,0.000000000000
692,1,1.000000000000,1.000000000000,1.000000000000,1.000000000000,1.000000000000,1.000000000000,0.630929753571,1.000000000000,0.500000000000,0.000000000000
693,1,1.000000000000,1.000000000000,1.000000000000,1.000000000000,1.000000000000,1.000000000000,1.000000000000,1.000000000000,1.000000000000,0.000000000000
700,1,1.000000000000,1.000000000000,1.000000000000,0.630929753571,1.000000000000,0.500000000000,0.630929753571,1.000000000000,0.500000000000,-0.369070246429
702,1,1.000000000000,1.000000000000,1.000000000000,1.000000000000,1.000000000000,1.000000000000,0.630929753571,1.000000000000,0.500000000000,0.000000000000
715,1,0.000000000000,0.000000000000,0.000000000000,0.000000000000,0.000000000000,0.000000000000,0.000000000000,0.000000000000,0.000000000000,0.000000000000
716,1,0.000000000000,0.000000000000,0.000000000000,0.000000000000,0.000000000000,0.000000000000,0.000000000000,0.000000000000,0.000000000000,0.000000000000
718,1,1.000000000000,1.000000000000,1.000000000000,1.000000000000,1.000000000000,1.000000000000,1.000000000000,1.000000000000,1.000000000000,0.000000000000
721,1,1.000000000000,1.000000000000,1.000000000000,1.000000000000,1.000000000000,1.000000000000,1.000000000000,1.000000000000,1.000000000000,0.000000000000
723,1,1.000000000000,1.000000000000,1.000000000000,1.000000000000,1.000000000000,1.000000000000,1.000000000000,1.000000000000,1.000000000000,0.000000000000
727,1,0.000000000000,0.000000000000,0.000000000000,0.000000000000,0.000000000000,0.000000000000,0.000000000000,0.000000000000,0.000000000000,0.000000000000
728,2,0.613147192765,0.500000000000,1.000000000000,0.613147192765,0.500000000000,1.000000000000,0.613147192765,0.500000000000,1.000000000000,0.000000000000
729,1,1.000000000000,1.000000000000,1.000000000000,1.000000000000,1.000000000000,1.000000000000,0.630929753571,1.000000000000,0.500000000000,0.000000000000
742,1,1.000000000000,1.000000000000,1.000000000000,0.430676558073,1.000000000000,0.250000000000,0.315464876786,1.000000000000,0.125000000000,-0.569323441927
743,1,1.000000000000,1.000000000000,1.000000000000,0.356207187108,1.000000000000,0.166666666667,0.000000000000,0.000000000000,0.000000000000,-0.643792812892
744,1,0.630929753571,1.000000000000,0.500000000000,0.630929753571,1.000000000000,0.500000000000,0.630929753571,1.000000000000,0.500000000000,0.000000000000
756,1,0.630929753571,1.000000000000,0.500000000000,0.630929753571,1.000000000000,0.500000000000,0.630929753571,1.000000000000,0.500000000000,0.000000000000
759,1,1.000000000000,1.000000000000,1.000000000000,1.000000000000,1.000000000000,1.000000000000,0.630929753571,1.000000000000,0.500000000000,0.000000000000
768,1,0.000000000000,0.000000000000,0.000000000000,0.000000000000,0.000000000000,0.000000000000,0.000000000000,0.000000000000,0.000000000000,0.000000000000
770,1,1.000000000000,1.000000000000,1.000000000000,1.000000000000,1.000000000000,1.000000000000,1.000000000000,1.000000000000,1.000000000000,0.000000000000
775,1,0.000000000000,0.000000000000,0.000000000000,0.000000000000,0.000000000000,0.000000000000,0.000000000000,0.000000000000,0.000000000000,0.000000000000
781,1,1.000000000000,1.000000000000,1.000000000000,1.000000000000,1.000000000000,1.000000000000,1.000000000000,1.000000000000,1.000000000000,0.000000000000
783,1,0.000000000000,0.000000000000,0.000000000000,0.000000000000,0.000000000000,0.000000000000,0.000000000000,0.000000000000,0.000000000000,0.000000000000
784,1,0.386852807235,1.000000000000,0.200000000000,0.356207187108,1.000000000000,0.166666666667,0.356207187108,1.000000000000,0.166666666667,-0.030645620127
785,1,0.500000000000,1.000000000000,0.333333333333,0.386852807235,1.000000000000,0.200000000000,0.000000000000,0.000000000000,0.000000000000,-0.113147192765
793,1,1.000000000000,1.000000000000,1.000000000000,0.630929753571,1.000000000000,0.500000000000,1.000000000000,1.000000000000,1.000000000000,-0.369070246429
800,1,0.630929753571,1.000000000000,0.500000000000,1.000000000000,1.000000000000,1.000000000000,1.000000000000,1.000000000000,1.000000000000,0.369070246429
805,1,1.000000000000,1.000000000000,1.000000000000,1.000000000000,1.000000000000,1.000000000000,1.000000000000,1.000000000000,1.000000000000,0.000000000000
808,1,1.000000000000,1.000000000000,1.000000000000,1.000000000000,1.000000000000,1.000000000000,1.000000000000,1.000000000000,1.000000000000,0.000000000000
811,1,1.000000000000,1.000000000000,1.000000000000,1.000000000000,1.000000000000,1.000000000000,1.000000000000,1.000000000000,1.000000000000,0.000000000000
814,1,1.000000000000,1.000000000000,1.000000000000,1.000000000000,1.000000000000,1.000000000000,1.000000000000,1.000000000000,1.000000000000,0.000000000000
820,1,0.000000000000,0.000000000000,0.000000000000,0.000000000000,0.000000000000,0.000000000000,0.000000000000,0.000000000000,0.000000000000,0.000000000000
821,1,0.000000000000,0.000000000000,0.000000000000,0.000000000000,0.000000000000,0.000000000000,0.000000000000,0.000000000000,0.000000000000,0.000000000000
823,1,1.000000000000,1.000000000000,1.000000000000,1.000000000000,1.000000000000,1.000000000000,1.000000000000,1.000000000000,1.000000000000,0.000000000000
830,1,0.000000000000,0.000000000000,0.000000000000,0.000000000000,0.000000000000,0.000000000000,0.000000000000,0.000000000000,0.000000000000,0.000000000000
831,1,0.000000000000,0.000000000000,0.000000000000,0.000000000000,0.000000000000,0.000000000000,0.000000000000,0.000000000000,0.000000000000,0.000000000000
832,1,1.000000000000,1.000000000000,1.000000000000,1.000000000000,1.000000000000,1.000000000000,1.000000000000,1.000000000000,1.000000000000,0.000000000000
834,1,0.000000000000,0.000000000000,0.000000000000,0.000000000000,0.000000000000,0.000000000000,0.000000000000,0.000000000000,0.000000000000,0.000000000000
837,1,1.000000000000,1.000000000000,1.000000000000,0.333333333333,1.000000000000,0.142857142857,0.000000000000,0.000000000000,0.000000000000,-0.666666666667
839,1,1.000000000000,1.000000000000,1.000000000000,1.000000000000,1.000000000000,1.000000000000,1.000000000000,1.000000000000,1.000000000000,0.000000000000
845,1,0.630929753571,1.000000000000,0.500000000000,0.630929753571,1.000000000000,0.500000000000,0.630929753571,1.000000000000,0.500000000000,0.000000000000
847,1,1.000000000000,1.000000000000,1.000000000000,1.000000000000,1.000000000000,1.000000000000,1.000000000000,1.000000000000,1.000000000000,0.000000000000
852,1,1.000000000000,1.000000000000,1.000000000000,1.000000000000,1.000000000000,1.000000000000,0.500000000000,1.000000000000,0.333333333333,0.000000000000
859,1,1.000000000000,1.000000000000,1.000000000000,1.000000000000,1.000000000000,1.000000000000,0.430676558073,1.000000000000,0.250000000000,0.000000000000
870,1,0.000000000000,0.000000000000,0.000000000000,0.000000000000,0.000000000000,0.000000000000,0.000000000000,0.000000000000,0.000000000000,0.000000000000
873,5,0.629551610610,0.600000000000,1.000000000000,0.654808657753,0.600000000000,1.000000000000,0.654808657753,0.600000000000,1.000000000000,0.025257047143
879,1,1.000000000000,1.000000000000,1.000000000000,1.000000000000,1.000000000000,1.000000000000,1.000000000000,1.000000000000,1.000000000000,0.000000000000
880,1,1.000000000000,1.000000000000,1.000000000000,1.000000000000,1.000000000000,1.000000000000,1.000000000000,1.000000000000,1.000000000000,0.000000000000
882,1,1.000000000000,1.000000000000,1.000000000000,1.000000000000,1.000000000000,1.000000000000,1.000000000000,1.000000000000,1.000000000000,0.000000000000
887,1,0.000000000000,0.000000000000,0.000000000000,0.000000000000,0.000000000000,0.000000000000,0.000000000000,0.000000000000,0.000000000000,0.000000000000
903,1,1.000000000000,1.000000000000,1.000000000000,1.000000000000,1.000000000000,1.000000000000,1.000000000000,1.000000000000,1.000000000000,0.000000000000
904,1,1.000000000000,1.000000000000,1.000000000000,1.000000000000,1.000000000000,1.000000000000,1.000000000000,1.000000000000,1.000000000000,0.000000000000
907,1,1.000000000000,1.000000000000,1.000000000000,1.000000000000,1.000000000000,1.000000000000,1.000000000000,1.000000000000,1.000000000000,0.000000000000
911,1,1.000000000000,1.000000000000,1.000000000000,1.000000000000,1.000000000000,1.000000000000,1.000000000000,1.000000000000,1.000000000000,0.000000000000
913,1,0.000000000000,0.000000000000,0.000000000000,0.000000000000,0.000000000000,0.000000000000,0.000000000000,0.000000000000,0.000000000000,0.000000000000
914,1,0.000000000000,0.000000000000,0.000000000000,0.430676558073,1.000000000000,0.250000000000,0.430676558073,1.000000000000,0.250000000000,0.430676558073
921,1,0.430676558073,1.000000000000,0.250000000000,1.000000000000,1.000000000000,1.000000000000,1.000000000000,1.000000000000,1.000000000000,0.569323441927
922,1,1.000000000000,1.000000000000,1.000000000000,1.000000000000,1.000000000000,1.000000000000,1.000000000000,1.000000000000,1.000000000000,0.000000000000
936,1,0.000000000000,0.000000000000,0.000000000000,0.000000000000,0.000000000000,0.000000000000,0.000000000000,0.000000000000,0.000000000000,0.000000000000
956,1,0.630929753571,1.000000000000,0.500000000000,1.000000000000,1.000000000000,1.000000000000,1.000000000000,1.000000000000,1.000000000000,0.369070246429
957,1,0.630929753571,1.000000000000,0.500000000000,1.000000000000,1.000000000000,1.000000000000,1.000000000000,1.000000000000,1.000000000000,0.369070246429
960,1,1.000000000000,1.000000000000,1.000000000000,1.000000000000,1.000000000000,1.000000000000,1.000000000000,1.000000000000,1.000000000000,0.000000000000
967,2,0.613147192765,0.500000000000,1.000000000000,0.790386479550,1.000000000000,1.000000000000,0.613147192765,0.500000000000,1.000000000000,0.177239286784
971,4,0.848583384002,1.000000000000,1.000000000000,0.904717229487,1.000000000000,1.000000000000,0.892753790770,1.000000000000,1.000000000000,0.056133845485
975,1,0.000000000000,0.000000000000,0.000000000000,0.000000000000,0.000000000000,0.000000000000,0.000000000000,0.000000000000,0.000000000000,0.000000000000
982,1,1.000000000000,1.000000000000,1.000000000000,1.000000000000,1.000000000000,1.000000000000,1.000000000000,1.000000000000,1.000000000000,0.000000000000
985,1,1.000000000000,1.000000000000,1.000000000000,1.000000000000,1.000000000000,1.000000000000,1.000000000000,1.000000000000,1.000000000000,0.000000000000
993,1,0.630929753571,1.000000000000,0.500000000000,1.000000000000,1.000000000000,1.000000000000,1.000000000000,1.000000000000,1.000000000000,0.369070246429
1012,1,1.000000000000,1.000000000000,1.000000000000,1.000000000000,1.000000000000,1.000000000000,1.000000000000,1.000000000000,1.000000000000,0.000000000000
1014,1,1.000000000000,1.000000000000,1.000000000000,1.000000000000,1.000000000000,1.000000000000,1.000000000000,1.000000000000,1.000000000000,0.000000000000
1019,1,0.386852807235,1.000000000000,0.200000000000,0.500000000000,1.000000000000,0.333333333333,0.500000000000,1.000000000000,0.333333333333,0.113147192765
1020,1,1.000000000000,1.000000000000,1.000000000000,0.630929753571,1.000000000000,0.500000000000,0.630929753571,1.000000000000,0.500000000000,-0.369070246429
1021,1,0.630929753571,1.000000000000,0.500000000000,0.630929753571,1.000000000000,0.500000000000,0.630929753571,1.000000000000,0.500000000000,0.000000000000
1024,1,0.000000000000,0.000000000000,0.000000000000,0.000000000000,0.000000000000,0.000000000000,0.000000000000,0.000000000000,0.000000000000,0.000000000000
1029,3,0.946902429526,1.000000000000,1.000000000000,0.932521091955,1.000000000000,1.000000000000,0.946902429526,1.000000000000,1.000000000000,-0.014381337571
1041,2,0.000000000000,0.000000000000,0.000000000000,0.218407436818,0.500000000000,0.166666666667,0.193426403617,0.500000000000,0.125000000000,0.218407436818
1049,1,0.000000000000,0.000000000000,0.000000000000,0.301029995664,1.000000000000,0.111111111111,0.333333333333,1.000000000000,0.142857142857,0.301029995664
1062,1,1.000000000000,1.000000000000,1.000000000000,1.000000000000,1.000000000000,1.000000000000,1.000000000000,1.000000000000,1.000000000000,0.000000000000
1086,1,1.000000000000,1.000000000000,1.000000000000,1.000000000000,1.000000000000,1.000000000000,1.000000000000,1.000000000000,1.000000000000,0.000000000000
1088,1,0.356207187108,1.000000000000,0.166666666667,0.386852807235,1.000000000000,0.200000000000,0.386852807235,1.000000000000,0.200000000000,0.030645620127
1089,1,1.000000000000,1.000000000000,1.000000000000,1.000000000000,1.000000000000,1.000000000000,1.000000000000,1.000000000000,1.000000000000,0.000000000000
1099,1,0.315464876786,1.000000000000,0.125000000000,0.301029995664,1.000000000000,0.111111111111,0.315464876786,1.000000000000,0.125000000000,-0.014434881122
1100,1,0.356207187108,1.000000000000,0.166666666667,0.333333333333,1.000000000000,0.142857142857,0.386852807235,1.000000000000,0.200000000000,-0.022873853775
1104,1,1.000000000000,1.000000000000,1.000000000000,1.000000000000,1.000000000000,1.000000000000,1.000000000000,1.000000000000,1.000000000000,0.000000000000
1107,1,1.000000000000,1.000000000000,1.000000000000,1.000000000000,1.000000000000,1.000000000000,1.000000000000,1.000000000000,1.000000000000,0.000000000000
1110,1,1.000000000000,1.000000000000,1.000000000000,1.000000000000,1.000000000000,1.000000000000,0.000000000000,0.000000000000,0.000000000000,0.000000000000
1121,1,0.630929753571,1.000000000000,0.500000000000,0.630929753571,1.000000000000,0.500000000000,0.500000000000,1.000000000000,0.333333333333,0.000000000000
1130,1,1.000000000000,1.000000000000,1.000000000000,1.000000000000,1.000000000000,1.000000000000,1.000000000000,1.000000000000,1.000000000000,0.000000000000
1132,2,0.264068122573,0.500000000000,0.250000000000,0.264068122573,0.500000000000,0.250000000000,0.306573596383,0.500000000000,0.333333333333,0.000000000000
1137,1,1.000000000000,1.000000000000,1.000000000000,1.000000000000,1.000000000000,1.000000000000,1.000000000000,1.000000000000,1.000000000000,0.000000000000
1140,1,1.000000000000,1.000000000000,1.000000000000,1.000000000000,1.000000000000,1.000000000000,1.000000000000,1.000000000000,1.000000000000,0.000000000000
1144,1,1.000000000000,1.000000000000,1.000000000000,1.000000000000,1.000000000000,1.000000000000,1.000000000000,1.000000000000,1.000000000000,0.000000000000
1146,1,1.000000000000,1.000000000000,1.000000000000,1.000000000000,1.000000000000,1.000000000000,1.000000000000,1.000000000000,1.000000000000,0.000000000000
1150,1,1.000000000000,1.000000000000,1.000000000000,1.000000000000,1.000000000000,1.000000000000,1.000000000000,1.000000000000,1.000000000000,0.000000000000
1163,1,1.000000000000,1.000000000000,1.000000000000,1.000000000000,1.000000000000,1.000000000000,1.000000000000,1.000000000000,1.000000000000,0.000000000000
1175,1,0.000000000000,0.000000000000,0.000000000000,0.000000000000,0.000000000000,0.000000000000,0.000000000000,0.000000000000,0.000000000000,0.000000000000
1179,1,0.000000000000,0.000000000000,0.000000000000,0.000000000000,0.000000000000,0.000000000000,0.000000000000,0.000000000000,0.000000000000,0.000000000000
1180,1,0.000000000000,0.000000000000,0.000000000000,0.000000000000,0.000000000000,0.000000000000,0.000000000000,0.000000000000,0.000000000000,0.000000000000
1185,1,1.000000000000,1.000000000000,1.000000000000,1.000000000000,1.000000000000,1.000000000000,1.000000000000,1.000000000000,1.000000000000,0.000000000000
1187,1,0.630929753571,1.000000000000,0.500000000000,0.630929753571,1.000000000000,0.500000000000,0.630929753571,1.000000000000,0.500000000000,0.000000000000
1191,1,0.356207187108,1.000000000000,0.166666666667,0.430676558073,1.000000000000,0.250000000000,0.430676558073,1.000000000000,0.250000000000,0.074469370965
1194,1,1.000000000000,1.000000000000,1.000000000000,1.000000000000,1.000000000000,1.000000000000,1.000000000000,1.000000000000,1.000000000000,0.000000000000
1196,1,0.500000000000,1.000000000000,0.333333333333,0.500000000000,1.000000000000,0.333333333333,0.500000000000,1.000000000000,0.333333333333,0.000000000000
1197,1,0.386852807235,1.000000000000,0.200000000000,0.430676558073,1.000000000000,0.250000000000,0.430676558073,1.000000000000,0.250000000000,0.043823750839
1199,1,0.000000000000,0.000000000000,0.000000000000,0.000000000000,0.000000000000,0.000000000000,0.000000000000,0.000000000000,0.000000000000,0.000000000000
1200,1,0.289064826318,1.000000000000,0.100000000000,0.356207187108,1.000000000000,0.166666666667,0.333333333333,1.000000000000,0.142857142857,0.067142360790
1202,1,1.000000000000,1.000000000000,1.000000000000,1.000000000000,1.000000000000,1.000000000000,1.000000000000,1.000000000000,1.000000000000,0.000000000000
1204,1,0.630929753571,1.000000000000,0.500000000000,1.000000000000,1.000000000000,1.000000000000,0.630929753571,1.000000000000,0.500000000000,0.369070246429
1207,1,1.000000000000,1.000000000000,1.000000000000,1.000000000000,1.000000000000,1.000000000000,1.000000000000,1.000000000000,1.000000000000,0.000000000000
1213,1,0.000000000000,0.000000000000,0.000000000000,0.000000000000,0.000000000000,0.000000000000,0.000000000000,0.000000000000,0.000000000000,0.000000000000
1216,1,1.000000000000,1.000000000000,1.000000000000,1.000000000000,1.000000000000,1.000000000000,1.000000000000,1.000000000000,1.000000000000,0.000000000000
1221,1,0.301029995664,1.000000000000,0.111111111111,0.356207187108,1.000000000000,0.166666666667,0.356207187108,1.000000000000,0.166666666667,0.055177191444
1225,1,0.630929753571,1.000000000000,0.500000000000,0.630929753571,1.000000000000,0.500000000000,1.000000000000,1.000000000000,1.000000000000,0.000000000000
1226,1,0.301029995664,1.000000000000,0.111111111111,0.386852807235,1.000000000000,0.200000000000,0.356207187108,1.000000000000,0.166666666667,0.085822811571
1232,1,1.000000000000,1.000000000000,1.000000000000,1.000000000000,1.000000000000,1.000000000000,1.000000000000,1.000000000000,1.000000000000,0.000000000000
1241,1,1.000000000000,1.000000000000,1.000000000000,1.000000000000,1.000000000000,1.000000000000,1.000000000000,1.000000000000,1.000000000000,0.000000000000
1245,1,0.000000000000,0.000000000000,0.000000000000,0.000000000000,0.000000000000,0.000000000000,0.000000000000,0.000000000000,0.000000000000,0.000000000000
1259,1,0.630929753571,1.000000000000,0.500000000000,0.630929753571,1.000000000000,0.500000000000,1.000000000000,1.000000000000,1.000000000000,0.000000000000
1262,1,1.000000000000,1.000000000000,1.000000000000,1.000000000000,1.000000000000,1.000000000000,1.000000000000,1.000000000000,1.000000000000,0.000000000000
1266,1,1.000000000000,1.000000000000,1.000000000000,1.000000000000,1.000000000000,1.000000000000,0.500000000000,1.000000000000,0.333333333333,0.000000000000
1270,1,1.000000000000,1.000000000000,1.000000000000,1.000000000000,1.000000000000,1.000000000000,1.000000000000,1.000000000000,1.000000000000,0.000000000000
1271,1,1.000000000000,1.000000000000,1.000000000000,1.000000000000,1.000000000000,1.000000000000,1.000000000000,1.000000000000,1.000000000000,0.000000000000
1272,1,0.000000000000,0.000000000000,0.000000000000,0.000000000000,0.000000000000,0.000000000000,0.000000000000,0.000000000000,0.000000000000,0.000000000000
1273,1,1.000000000000,1.000000000000,1.000000000000,1.000000000000,1.000000000000,1.000000000000,1.000000000000,1.000000000000,1.000000000000,0.000000000000
1274,3,0.860344331042,1.000000000000,1.000000000000,0.860344331042,1.000000000000,1.000000000000,0.860344331042,1.000000000000,1.000000000000,0.000000000000
1278,1,0.000000000000,0.000000000000,0.000000000000,0.000000000000,0.000000000000,0.000000000000,0.000000000000,0.000000000000,0.000000000000,0.000000000000
1279,1,0.430676558073,1.000000000000,0.250000000000,0.500000000000,1.000000000000,0.333333333333,0.630929753571,1.000000000000,0.500000000000,0.069323441927
1280,1,0.000000000000,0.000000000000,0.000000000000,0.000000000000,0.000000000000,0.000000000000,0.000000000000,0.000000000000,0.000000000000,0.000000000000
1281,1,0.000000000000,0.000000000000,0.000000000000,0.000000000000,0.000000000000,0.000000000000,0.000000000000,0.000000000000,0.000000000000,0.000000000000
1282,1,1.000000000000,1.000000000000,1.000000000000,1.000000000000,1.000000000000,1.000000000000,1.000000000000,1.000000000000,1.000000000000,0.000000000000
1290,1,1.000000000000,1.000000000000,1.000000000000,1.000000000000,1.000000000000,1.000000000000,1.000000000000,1.000000000000,1.000000000000,0.000000000000
1292,1,0.630929753571,1.000000000000,0.500000000000,1.000000000000,1.000000000000,1.000000000000,1.000000000000,1.000000000000,1.000000000000,0.369070246429
1298,1,1.000000000000,1.000000000000,1.000000000000,1.000000000000,1.000000000000,1.000000000000,1.000000000000,1.000000000000,1.000000000000,0.000000000000
1303,1,0.430676558073,1.000000000000,0.250000000000,1.000000000000,1.000000000000,1.000000000000,0.630929753571,1.000000000000,0.500000000000,0.569323441927
1316,1,0.000000000000,0.000000000000,0.000000000000,0.000000000000,0.000000000000,0.000000000000,0.000000000000,0.000000000000,0.000000000000,0.000000000000
1319,1,0.630929753571,1.000000000000,0.500000000000,1.000000000000,1.000000000000,1.000000000000,1.000000000000,1.000000000000,1.000000000000,0.369070246429
1320,1,1.000000000000,1.000000000000,1.000000000000,1.000000000000,1.000000000000,1.000000000000,1.000000000000,1.000000000000,1.000000000000,0.000000000000
1332,1,0.000000000000,0.000000000000,0.000000000000,0.000000000000,0.000000000000,0.000000000000,0.000000000000,0.000000000000,0.000000000000,0.000000000000
1335,1,1.000000000000,1.000000000000,1.000000000000,1.000000000000,1.000000000000,1.000000000000,1.000000000000,1.000000000000,1.000000000000,0.000000000000
1336,1,1.000000000000,1.000000000000,1.000000000000,1.000000000000,1.000000000000,1.000000000000,1.000000000000,1.000000000000,1.000000000000,0.000000000000
1337,1,0.000000000000,0.000000000000,0.000000000000,0.000000000000,0.000000000000,0.000000000000,0.000000000000,0.000000000000,0.000000000000,0.000000000000
1339,1,1.000000000000,1.000000000000,1.000000000000,1.000000000000,1.000000000000,1.000000000000,1.000000000000,1.000000000000,1.000000000000,0.000000000000
1344,1,0.630929753571,1.000000000000,0.500000000000,0.630929753571,1.000000000000,0.500000000000,0.630929753571,1.000000000000,0.500000000000,0.000000000000
1352,1,1.000000000000,1.000000000000,1.000000000000,1.000000000000,1.000000000000,1.000000000000,1.000000000000,1.000000000000,1.000000000000,0.000000000000
1359,1,1.000000000000,1.000000000000,1.000000000000,1.000000000000,1.000000000000,1.000000000000,1.000000000000,1.000000000000,1.000000000000,0.000000000000
1362,1,0.000000000000,0.000000000000,0.000000000000,0.000000000000,0.000000000000,0.000000000000,0.000000000000,0.000000000000,0.000000000000,0.000000000000
1363,1,0.000000000000,0.000000000000,0.000000000000,0.000000000000,0.000000000000,0.000000000000,0.000000000000,0.000000000000,0.000000000000,0.000000000000
1368,1,0.301029995664,1.000000000000,0.111111111111,0.430676558073,1.000000000000,0.250000000000,0.000000000000,0.000000000000,0.000000000000,0.129646562409
1370,1,0.630929753571,1.000000000000,0.500000000000,1.000000000000,1.000000000000,1.000000000000,0.356207187108,1.000000000000,0.166666666667,0.369070246429
1379,4,0.722638715295,1.000000000000,0.500000000000,0.904717229487,1.000000000000,1.000000000000,0.892753790770,1.000000000000,1.000000000000,0.182078514192
1382,1,0.500000000000,1.000000000000,0.333333333333,0.630929753571,1.000000000000,0.500000000000,0.630929753571,1.000000000000,0.500000000000,0.130929753571
1385,1,1.000000000000,1.000000000000,1.000000000000,1.000000000000,1.000000000000,1.000000000000,1.000000000000,1.000000000000,1.000000000000,0.000000000000
1389,1,1.000000000000,1.000000000000,1.000000000000,1.000000000000,1.000000000000,1.000000000000,1.000000000000,1.000000000000,1.000000000000,0.000000000000
1395,1,0.000000000000,0.000000000000,0.000000000000,0.000000000000,0.000000000000,0.000000000000,0.000000000000,0.000000000000,0.000000000000,0.000000000000
