transport,feature_id,n,n_target,n_matched,n_template_families,target_mean_score,matched_mean_score,target_minus_matched_mean,auroc,auroc_ci_low,auroc_ci_high,auprc,auprc_ci_low,auprc_ci_high,tpr_at_1pct_fpr,tpr_at_1pct_fpr_ci_low,tpr_at_1pct_fpr_ci_high
jacobian,30032,204,102,102,51,0.0765678538466055,-0.20450905200057462,0.28107690584718015,0.9566512879661668,0.9155108612072279,0.984719819300269,0.9597644421920288,0.9211366969188652,0.9861954531403728,0.5980392156862745,0.47058823529411764,0.8431372549019608
jacobian,58667,204,102,102,51,1.0305144038946168,-0.13730672168415314,1.16782112557877,1.0,0.9999999999999999,1.0,0.9999999999999998,0.9999999999999998,1.0,1.0,1.0,1.0
jacobian,22004,204,102,102,51,0.20584891900630192,0.010205660809707992,0.19564325819659392,0.9294502114571319,0.8910995770857363,0.9627066512879662,0.9375220876791243,0.9051378740330135,0.9660939489245801,0.6274509803921569,0.5196078431372549,0.7450980392156863
jacobian,30686,204,102,102,51,2.084554361508173,-0.2641421781816319,2.3486965396898047,1.0,0.9999999999999999,1.0,0.9999999999999998,0.9999999999999998,1.0,1.0,1.0,1.0
jacobian,41533,204,102,102,51,1.4597338775592839,0.19225754816651197,1.267476329392772,0.9999038831218763,0.9994232987312572,1.0,0.99990481629545,0.9994397759103641,1.0,1.0,0.9803921568627451,1.0
jacobian,23893,204,102,102,51,-0.029015848897032293,0.038030851668879095,-0.06704670056591139,0.3546712802768166,0.2620122068435217,0.45030997693194896,0.4054778550967586,0.3707767360519746,0.4718045593415783,0.0,0.0,0.0196078431372549
identity,30032,204,102,102,51,0.019540043500384463,-0.006874388334907445,0.026414431835291907,0.590638216070742,0.48010380622837373,0.6981954056132255,0.565376570114404,0.48380063127421785,0.6779898656770862,0.0196078431372549,0.0,0.0784313725490196
identity,58667,204,102,102,51,0.10228457436988167,0.0073650228772677625,0.09491955149261391,0.7679738562091503,0.6709919261822376,0.8598639946174547,0.7865692863245347,0.6827054970596256,0.8942552689772191,0.049019607843137254,0.0,0.6078431372549019
identity,22004,204,102,102,51,0.046000171831681154,0.016013248659232083,0.02998692317244907,0.6090926566705113,0.5168649077277969,0.7016544117647059,0.6256140992823963,0.547437559222328,0.7265410884894842,0.00980392156862745,0.0,0.24509803921568626
identity,30686,204,102,102,51,0.5809672773614818,-0.09791615619963291,0.6788834335611147,0.9846212995001922,0.9619377162629758,1.0,0.990912836031502,0.9779805941635349,0.9999999999999999,0.9607843137254902,0.9215686274509803,1.0
identity,41533,204,102,102,51,0.3855260399845885,-0.010116729059019218,0.39564276904360773,0.9616493656286044,0.9125336409073435,0.9972126105344098,0.9770758887482565,0.9496822514177826,0.9975764378955613,0.9117647058823529,0.8333333333333334,0.9803921568627451
identity,23893,204,102,102,51,0.012221098353620619,-0.024656556510165625,0.03687765486378625,0.6042868127643214,0.48856209150326796,0.7153979238754326,0.5753117652790011,0.4962730770493303,0.6893717521595398,0.00980392156862745,0.0,0.05906862745095899
random_j_1,30032,204,102,102,51,0.017895806265205108,0.05439231043804765,-0.036496504172842545,0.397923875432526,0.2953647635524798,0.504712129950019,0.447386075602762,0.3950189682622985,0.5363838328854561,0.0,0.0,0.029411764705882353
random_j_1,58667,204,102,102,51,0.12668392029316985,0.10225740555609923,0.024426514737070623,0.5656478277585544,0.45616589773164173,0.672722029988466,0.6364467975002728,0.5419942383175004,0.731947871677075,0.17647058823529413,0.06862745098039216,0.28431372549019607
random_j_1,22004,204,102,102,51,0.0069540683499665235,-0.029941334850246124,0.036895403200212645,0.6212995001922338,0.512879661668589,0.727508650519031,0.6070642591833709,0.5050804017506618,0.7412760790076006,0.0196078431372549,0.0,0.16666666666666666
random_j_1,30686,204,102,102,51,-0.1325527972235874,0.11508951033237298,-0.2476423075559604,0.014801999231064972,0.0024029219530949638,0.03200692041522492,0.3102704618573336,0.3112315534715087,0.3152102892188768,0.0,0.0,0.0
random_j_1,41533,204,102,102,51,0.07927941379831265,-0.04302669220544653,0.12230610600375919,0.8237216455209534,0.7472102076124568,0.89119569396386,0.8033127311428057,0.7163177721633603,0.8841958560627274,0.16666666666666666,0.0784313725490196,0.35294117647058826
random_j_1,23893,204,102,102,51,0.19401983206397763,0.049665014034961166,0.14435481802901645,0.8870626682045367,0.8162245290272971,0.9450211457131872,0.8819565788024545,0.8053017677094606,0.9475187391657058,0.16666666666666666,0.06862745098039216,0.7156862745098039
random_j_2,30032,204,102,102,51,0.11057259257444564,-0.07073203686113451,0.18130462943558015,0.9439638600538255,0.904171472510573,0.9747212610534409,0.9497930345336093,0.9165905925196596,0.9770447063701095,0.696078431372549,0.4215686274509804,0.8137254901960784
random_j_2,58667,204,102,102,51,0.026528737001011476,0.14140320694137948,-0.114874469940368,0.145520953479431,0.07026143790849676,0.2368343906189925,0.3340154750805246,0.31992174814615076,0.3824109867790372,0.0,0.0,0.0196078431372549
random_j_2,22004,204,102,102,51,-0.056475567768382674,-0.061647721812786424,0.00517215404440375,0.4946174548250673,0.3922505767012687,0.5948673587081892,0.5322984174263068,0.4492348674624561,0.6300144237232032,0.06862745098039216,0.00980392156862745,0.14705882352941177
random_j_2,30686,204,102,102,51,0.14458181788944,0.025614165915541498,0.1189676519738985,0.8582276047673971,0.7884467512495195,0.9206074586697424,0.8521283472473913,0.7830737239659205,0.9269076275576239,0.09803921568627451,0.058823529411764705,0.5686274509803921
random_j_2,41533,204,102,102,51,-0.03805963092885327,-0.026700507867716106,-0.011359123061137164,0.4959630911188005,0.3669718377547097,0.6241830065359477,0.4824443969774242,0.41403692813408133,0.5998284310062595,0.0,0.0,0.0196078431372549
random_j_2,23893,204,102,102,51,0.0931502478368416,0.10496614160764889,-0.011815893770807287,0.47126105344098423,0.3599577085736255,0.5796832948865818,0.4620982413759838,0.4086923212065684,0.5526408028393437,0.0,0.0,0.049019607843137254
random_j_3,30032,204,102,102,51,-0.04546787484529583,-0.021336314495534216,-0.024131560349761615,0.3844675124951941,0.2745049980776625,0.4975994809688579,0.47506985561357434,0.39597073119087,0.5749984513411093,0.049019607843137254,0.00980392156862745,0.12745098039215685
random_j_3,58667,204,102,102,51,-0.1454183124873203,-0.023905084587122295,-0.121513227900198,0.12754709727028066,0.06718569780853519,0.19761630142252978,0.3284170261861685,0.3197235319974003,0.35675323465655506,0.0,0.0,0.0
random_j_3,22004,204,102,102,51,-0.1102619400731854,0.029454880343823164,-0.13971682041700856,0.14287773933102654,0.07525951557093426,0.22289504036908883,0.334264186207077,0.3215318796109915,0.37208201036960753,0.0,0.0,0.0
random_j_3,30686,204,102,102,51,-0.10388500137510252,0.08021550440781877,-0.1841005057829213,0.06997308727412534,0.029315647827758556,0.11908881199538639,0.31719220237515766,0.3140178893252047,0.33041605573823807,0.0,0.0,0.0
random_j_3,41533,204,102,102,51,-0.009301505398516562,0.010419030783369261,-0.019720536181885823,0.41762783544790466,0.31324250288350636,0.5241253364090734,0.45558091055936967,0.3985143270815282,0.5565124268005099,0.00980392156862745,0.0,0.058823529411764705
random_j_3,23893,204,102,102,51,-0.14280424522482515,-0.08831690382851544,-0.054487341396309716,0.34159938485198005,0.23510188389081124,0.45309496347558625,0.41008837758969163,0.36691780641392974,0.48751610118217553,0.00980392156862745,0.0,0.0392156862745098
random_j_4,30032,204,102,102,51,-0.018952106759659762,0.018880171185432403,-0.03783227794509217,0.36284121491733945,0.2614355055747789,0.4712634563629371,0.411183711252459,0.3708665730457186,0.49138513868412276,0.0,0.0,0.0196078431372549
random_j_4,58667,204,102,102,51,-0.21953428106030962,-0.03738786587493058,-0.18214641518537905,0.07420222991157246,0.032871972318339104,0.12312812379853882,0.31682641897960195,0.31375431251585933,0.33232650119781915,0.0,0.0,0.0
random_j_4,22004,204,102,102,51,0.0702478964794507,0.17008875767864726,-0.09984086119919655,0.16858900422914266,0.10207612456747406,0.24192618223760093,0.3375771160427701,0.3258439696558011,0.36260976206400913,0.0,0.0,0.0
random_j_4,30686,204,102,102,51,-0.011618093176580527,0.07814426903211165,-0.08976236220869217,0.16205305651672433,0.09381007304882738,0.23952326028450596,0.34382963636915875,0.32555981839669673,0.40268709360078997,0.0,0.0,0.049019607843137254
random_j_4,41533,204,102,102,51,-0.06482083417986538,-0.023010009696579303,-0.041810824483286074,0.3675509419454056,0.26172385620915034,0.47952950788158377,0.4332642972250432,0.3763784618168333,0.5263131182294878,0.0196078431372549,0.0,0.058823529411764705
random_j_4,23893,204,102,102,51,0.10067585607255608,-0.08374168580927539,0.18441754188183146,0.9246443675509419,0.8715878508266052,0.9681853133410226,0.9266213534221641,0.8752205167347861,0.9700915089186417,0.38235294117647056,0.2549019607843137,0.7647058823529411
random_j_5,30032,204,102,102,51,0.03326553561469065,0.0037113749330826835,0.029554160681607967,0.6115916955017302,0.5107650903498655,0.707999327181853,0.5927309857466375,0.5065189432522907,0.693603407374074,0.049019607843137254,0.0,0.11764705882352941
random_j_5,58667,204,102,102,51,-0.13193042398266056,-0.022198553103497068,-0.10973187087916349,0.1525374855824683,0.09342560553633218,0.21559256055363302,0.33372004310376946,0.32405497815022005,0.3572608313464721,0.0,0.0,0.0
random_j_5,22004,204,102,102,51,-0.17849057330978194,0.011379589764949153,-0.1898701630747311,0.03143021914648213,0.009323337178008461,0.06084438677431737,0.31130861994802084,0.3117885595807125,0.31846183845814224,0.0,0.0,0.0
random_j_5,30686,204,102,102,51,-0.03168501153955802,0.07463608399791387,-0.10632109553747189,0.17550941945405613,0.0990003844675125,0.26268742791234145,0.35678282306945186,0.32655701216501554,0.4283854100074323,0.00980392156862745,0.0,0.06862745098039216
random_j_5,41533,204,102,102,51,-0.4265152029613234,-0.16545708397604234,-0.2610581189852811,0.031237985390234514,0.008938869665513266,0.0587298154555938,0.3125608300367682,0.3120875282125312,0.3194334690984746,0.0,0.0,0.0
random_j_5,23893,204,102,102,51,0.053226366693920946,0.11111583212828811,-0.05788946543436717,0.31564782775855443,0.19790465205690122,0.4428128604382927,0.39355730296531743,0.35165599923763124,0.48711968338945555,0.0,0.0,0.0392156862745098
